{
  "__comment": "Max diamond durability is 1562, delta is 0.000640204865557",
  "parent": "item/handheld",
  "textures": {
    "layer0": "minecraft:item/diamond_axe"
  },
  "overrides": [
    {"predicate": {"damaged": 0, "damage": 0.000640204865557}, "model": "item/brushes/erase"},
    {"predicate": {"damaged": 0, "damage": 0.00128040973111}, "model": "item/brushes/copy"},
    {"predicate": {"damaged": 0, "damage": 0.00192061459667}, "model": "item/brushes/clone"},
    {"predicate": {"damaged": 0, "damage": 0.00256081946223}, "model": "item/brushes/replicate"},
    {"predicate": {"damaged": 0, "damage": 0.00320102432778}, "model": "item/brushes/map"},
    {"predicate": {"damaged": 0, "damage": 0.00384122919334}, "model": "item/brushes/schematic"},
    {"predicate": {"damaged": 0, "damage": 0.0044814340589}, "model": "item/brushes/default"},
    {"predicate": {"damaged": 0, "damage": 0.00512163892446}, "model": "item/spells/silence"},
    {"predicate": {"damaged": 0, "damage": 0.00576184379001}, "model": "item/spells/curse"},
    {"predicate": {"damaged": 0, "damage": 0.00640204865557}, "model": "item/spells/blessing"},
    {"predicate": {"damaged": 0, "damage": 0.00704225352113}, "model": "item/spells/boon"},
    {"predicate": {"damaged": 0, "damage": 0.00768245838668}, "model": "item/spells/simulate"},
    {"predicate": {"damaged": 0, "damage": 0.00832266325224}, "model": "item/spells/simulate3"},
    {"predicate": {"damaged": 0, "damage": 0.0089628681178}, "model": "item/spells/glider"},
    {"predicate": {"damaged": 0, "damage": 0.00960307298335}, "model": "item/spells/virus"},
    {"predicate": {"damaged": 0, "damage": 0.0102432778489}, "model": "item/spells/worm"},
    {"predicate": {"damaged": 0, "damage": 0.0108834827145}, "model": "item/spells/hunter"},
    {"predicate": {"damaged": 0, "damage": 0.01152368758}, "model": "item/spells/defender"},
    {"predicate": {"damaged": 0, "damage": 0.0121638924456}, "model": "item/spells/animate"},
    {"predicate": {"damaged": 0, "damage": 0.0128040973111}, "model": "item/spells/life"},
    {"predicate": {"damaged": 0, "damage": 0.0134443021767}, "model": "item/spells/life3"},
    {"predicate": {"damaged": 0, "damage": 0.0140845070423}, "model": "item/spells/shell"},
    {"predicate": {"damaged": 0, "damage": 0.0147247119078}, "model": "item/spells/reflect"},
    {"predicate": {"damaged": 0, "damage": 0.0153649167734}, "model": "item/spells/platform"},
    {"predicate": {"damaged": 0, "damage": 0.0160051216389}, "model": "item/spells/superdisc"},
    {"predicate": {"damaged": 0, "damage": 0.0166453265045}, "model": "item/spells/superring"},
    {"predicate": {"damaged": 0, "damage": 0.01728553137}, "model": "item/spells/supershell"},
    {"predicate": {"damaged": 0, "damage": 0.0179257362356}, "model": "item/spells/superdome"},
    {"predicate": {"damaged": 0, "damage": 0.0185659411012}, "model": "item/spells/tag"},
    {"predicate": {"damaged": 0, "damage": 0.0192061459667}, "model": "item/spells/toss"},
    {"predicate": {"damaged": 0, "damage": 0.0198463508323}, "model": "item/spells/volley"},
    {"predicate": {"damaged": 0, "damage": 0.0204865556978}, "model": "item/spells/push"},
    {"predicate": {"damaged": 0, "damage": 0.0211267605634}, "model": "item/spells/pull"},
    {"predicate": {"damaged": 0, "damage": 0.0217669654289}, "model": "item/spells/grab"},
    {"predicate": {"damaged": 0, "damage": 0.0224071702945}, "model": "item/spells/boom"},
    {"predicate": {"damaged": 0, "damage": 0.0230473751601}, "model": "item/spells/nuke"},
    {"predicate": {"damaged": 0, "damage": 0.0236875800256}, "model": "item/spells/frost"},
    {"predicate": {"damaged": 0, "damage": 0.0243277848912}, "model": "item/spells/permafrost"},
    {"predicate": {"damaged": 0, "damage": 0.0249679897567}, "model": "item/spells/lightning"},
    {"predicate": {"damaged": 0, "damage": 0.0256081946223}, "model": "item/spells/smite"},
    {"predicate": {"damaged": 0, "damage": 0.0262483994878}, "model": "item/spells/tree"},
    {"predicate": {"damaged": 0, "damage": 0.0268886043534}, "model": "item/spells/forest"},
    {"predicate": {"damaged": 0, "damage": 0.027528809219}, "model": "item/spells/disarm"},
    {"predicate": {"damaged": 0, "damage": 0.0281690140845}, "model": "item/spells/cure"},
    {"predicate": {"damaged": 0, "damage": 0.0288092189501}, "model": "item/spells/heal"},
    {"predicate": {"damaged": 0, "damage": 0.0294494238156}, "model": "item/spells/healing"},
    {"predicate": {"damaged": 0, "damage": 0.0300896286812}, "model": "item/spells/music"},
    {"predicate": {"damaged": 0, "damage": 0.0307298335467}, "model": "item/spells/gather"},
    {"predicate": {"damaged": 0, "damage": 0.0313700384123}, "model": "item/spells/mount"},
    {"predicate": {"damaged": 0, "damage": 0.0320102432778}, "model": "item/spells/tame"},
    {"predicate": {"damaged": 0, "damage": 0.0326504481434}, "model": "item/spells/icbm"},
    {"predicate": {"damaged": 0, "damage": 0.033290653009}, "model": "item/spells/neutron"},
    {"predicate": {"damaged": 0, "damage": 0.0339308578745}, "model": "item/spells/wither"},
    {"predicate": {"damaged": 0, "damage": 0.0345710627401}, "model": "item/spells/arrowrain"},
    {"predicate": {"damaged": 0, "damage": 0.0352112676056}, "model": "item/spells/gatling"},
    {"predicate": {"damaged": 0, "damage": 0.0358514724712}, "model": "item/spells/meteor"},
    {"predicate": {"damaged": 0, "damage": 0.0364916773367}, "model": "item/spells/arrow"},
    {"predicate": {"damaged": 0, "damage": 0.0371318822023}, "model": "item/spells/flashbang"},
    {"predicate": {"damaged": 0, "damage": 0.0377720870679}, "model": "item/spells/weather"},
    {"predicate": {"damaged": 0, "damage": 0.0384122919334}, "model": "item/spells/fling"},
    {"predicate": {"damaged": 0, "damage": 0.039052496799}, "model": "item/spells/supertorch"},
    {"predicate": {"damaged": 0, "damage": 0.0396927016645}, "model": "item/spells/torch"},
    {"predicate": {"damaged": 0, "damage": 0.0403329065301}, "model": "item/spells/familiar"},
    {"predicate": {"damaged": 0, "damage": 0.0409731113956}, "model": "item/spells/monster"},
    {"predicate": {"damaged": 0, "damage": 0.0416133162612}, "model": "item/spells/testdummy"},
    {"predicate": {"damaged": 0, "damage": 0.0422535211268}, "model": "item/spells/ghast"},
    {"predicate": {"damaged": 0, "damage": 0.0428937259923}, "model": "item/spells/mob"},
    {"predicate": {"damaged": 0, "damage": 0.0435339308579}, "model": "item/spells/farm"},
    {"predicate": {"damaged": 0, "damage": 0.0441741357234}, "model": "item/spells/wolf"},
    {"predicate": {"damaged": 0, "damage": 0.044814340589}, "model": "item/spells/cat"},
    {"predicate": {"damaged": 0, "damage": 0.0454545454545}, "model": "item/spells/portal"},
    {"predicate": {"damaged": 0, "damage": 0.0460947503201}, "model": "item/spells/phase"},
    {"predicate": {"damaged": 0, "damage": 0.0467349551857}, "model": "item/spells/phasebackup"},
    {"predicate": {"damaged": 0, "damage": 0.0473751600512}, "model": "item/spells/invincible"},
    {"predicate": {"damaged": 0, "damage": 0.0480153649168}, "model": "item/spells/fire"},
    {"predicate": {"damaged": 0, "damage": 0.0486555697823}, "model": "item/spells/bubble"},
    {"predicate": {"damaged": 0, "damage": 0.0492957746479}, "model": "item/spells/regenerate"},
    {"predicate": {"damaged": 0, "damage": 0.0499359795134}, "model": "item/spells/superregenerate"},
    {"predicate": {"damaged": 0, "damage": 0.050576184379}, "model": "item/spells/paint"},
    {"predicate": {"damaged": 0, "damage": 0.0512163892446}, "model": "item/spells/fill"},
    {"predicate": {"damaged": 0, "damage": 0.0518565941101}, "model": "item/spells/recurse"},
    {"predicate": {"damaged": 0, "damage": 0.0524967989757}, "model": "item/spells/floodfill"},
    {"predicate": {"damaged": 0, "damage": 0.0531370038412}, "model": "item/spells/gills"},
    {"predicate": {"damaged": 0, "damage": 0.0537772087068}, "model": "item/spells/day"},
    {"predicate": {"damaged": 0, "damage": 0.0544174135723}, "model": "item/spells/night"},
    {"predicate": {"damaged": 0, "damage": 0.0550576184379}, "model": "item/spells/time"},
    {"predicate": {"damaged": 0, "damage": 0.0556978233035}, "model": "item/spells/bridge"},
    {"predicate": {"damaged": 0, "damage": 0.056338028169}, "model": "item/spells/pillar"},
    {"predicate": {"damaged": 0, "damage": 0.0569782330346}, "model": "item/spells/place"},
    {"predicate": {"damaged": 0, "damage": 0.0576184379001}, "model": "item/spells/anvil"},
    {"predicate": {"damaged": 0, "damage": 0.0582586427657}, "model": "item/spells/grenade"},
    {"predicate": {"damaged": 0, "damage": 0.0588988476312}, "model": "item/spells/cluster"},
    {"predicate": {"damaged": 0, "damage": 0.0595390524968}, "model": "item/spells/bomb"},
    {"predicate": {"damaged": 0, "damage": 0.0601792573624}, "model": "item/spells/superblob"},
    {"predicate": {"damaged": 0, "damage": 0.0608194622279}, "model": "item/spells/superhemisphere"},
    {"predicate": {"damaged": 0, "damage": 0.0614596670935}, "model": "item/spells/superpyramid"},
    {"predicate": {"damaged": 0, "damage": 0.062099871959}, "model": "item/spells/supercylinder"},
    {"predicate": {"damaged": 0, "damage": 0.0627400768246}, "model": "item/spells/box"},
    {"predicate": {"damaged": 0, "damage": 0.0633802816901}, "model": "item/spells/superbox"},
    {"predicate": {"damaged": 0, "damage": 0.0640204865557}, "model": "item/spells/supercube"},
    {"predicate": {"damaged": 0, "damage": 0.0646606914213}, "model": "item/spells/backup"},
    {"predicate": {"damaged": 0, "damage": 0.0653008962868}, "model": "item/spells/superbackup"},
    {"predicate": {"damaged": 0, "damage": 0.0659411011524}, "model": "item/spells/repair"},
    {"predicate": {"damaged": 0, "damage": 0.0665813060179}, "model": "item/spells/superrepair"},
    {"predicate": {"damaged": 0, "damage": 0.0672215108835}, "model": "item/spells/workbench"},
    {"predicate": {"damaged": 0, "damage": 0.067861715749}, "model": "item/spells/stash"},
    {"predicate": {"damaged": 0, "damage": 0.0685019206146}, "model": "item/spells/pickpocket"},
    {"predicate": {"damaged": 0, "damage": 0.0691421254802}, "model": "item/spells/blast"},
    {"predicate": {"damaged": 0, "damage": 0.0697823303457}, "model": "item/spells/earthquake"},
    {"predicate": {"damaged": 0, "damage": 0.0704225352113}, "model": "item/spells/tunnel"},
    {"predicate": {"damaged": 0, "damage": 0.0710627400768}, "model": "item/spells/superblast"},
    {"predicate": {"damaged": 0, "damage": 0.0717029449424}, "model": "item/spells/convert"},
    {"predicate": {"damaged": 0, "damage": 0.0723431498079}, "model": "item/spells/superconvert"},
    {"predicate": {"damaged": 0, "damage": 0.0729833546735}, "model": "item/spells/collapse"},
    {"predicate": {"damaged": 0, "damage": 0.0736235595391}, "model": "item/spells/supercollapse"},
    {"predicate": {"damaged": 0, "damage": 0.0742637644046}, "model": "item/spells/cloak"},
    {"predicate": {"damaged": 0, "damage": 0.0749039692702}, "model": "item/spells/rollback"},
    {"predicate": {"damaged": 0, "damage": 0.0755441741357}, "model": "item/spells/commit"},
    {"predicate": {"damaged": 0, "damage": 0.0761843790013}, "model": "item/spells/counterspell"},
    {"predicate": {"damaged": 0, "damage": 0.0768245838668}, "model": "item/spells/breach"},
    {"predicate": {"damaged": 0, "damage": 0.0774647887324}, "model": "item/spells/peek"},
    {"predicate": {"damaged": 0, "damage": 0.078104993598}, "model": "item/spells/sandblast"},
    {"predicate": {"damaged": 0, "damage": 0.0787451984635}, "model": "item/spells/mine"},
    {"predicate": {"damaged": 0, "damage": 0.0793854033291}, "model": "item/spells/chop"},
    {"predicate": {"damaged": 0, "damage": 0.0800256081946}, "model": "item/spells/alter"},
    {"predicate": {"damaged": 0, "damage": 0.0806658130602}, "model": "item/spells/superalter"},
    {"predicate": {"damaged": 0, "damage": 0.0813060179257}, "model": "item/spells/sphere"},
    {"predicate": {"damaged": 0, "damage": 0.0819462227913}, "model": "item/spells/blob"},
    {"predicate": {"damaged": 0, "damage": 0.0825864276569}, "model": "item/spells/tendril"},
    {"predicate": {"damaged": 0, "damage": 0.0832266325224}, "model": "item/spells/walls"},
    {"predicate": {"damaged": 0, "damage": 0.083866837388}, "model": "item/spells/emp"},
    {"predicate": {"damaged": 0, "damage": 0.0845070422535}, "model": "item/spells/superemp"},
    {"predicate": {"damaged": 0, "damage": 0.0851472471191}, "model": "item/spells/disintegrate"},
    {"predicate": {"damaged": 0, "damage": 0.0857874519846}, "model": "item/spells/blink"},
    {"predicate": {"damaged": 0, "damage": 0.0864276568502}, "model": "item/spells/absorb"},
    {"predicate": {"damaged": 0, "damage": 0.0870678617157}, "model": "item/spells/hat"},
    {"predicate": {"damaged": 0, "damage": 0.0877080665813}, "model": "item/spells/wear"},
    {"predicate": {"damaged": 0, "damage": 0.0883482714469}, "model": "item/spells/magichat"},
    {"predicate": {"damaged": 0, "damage": 0.0889884763124}, "model": "item/spells/lava"},
    {"predicate": {"damaged": 0, "damage": 0.089628681178}, "model": "item/spells/stream"},
    {"predicate": {"damaged": 0, "damage": 0.0902688860435}, "model": "item/spells/earth"},
    {"predicate": {"damaged": 0, "damage": 0.0909090909091}, "model": "item/spells/iterate"},
    {"predicate": {"damaged": 0, "damage": 0.0915492957746}, "model": "item/spells/column"},
    {"predicate": {"damaged": 0, "damage": 0.0921895006402}, "model": "item/spells/flamethrower"},
    {"predicate": {"damaged": 0, "damage": 0.0928297055058}, "model": "item/spells/laser"},
    {"predicate": {"damaged": 0, "damage": 0.0934699103713}, "model": "item/spells/shrink"},
    {"predicate": {"damaged": 0, "damage": 0.0941101152369}, "model": "item/spells/grow"},
    {"predicate": {"damaged": 0, "damage": 0.0947503201024}, "model": "item/spells/flare"},
    {"predicate": {"damaged": 0, "damage": 0.095390524968}, "model": "item/spells/recall"},
    {"predicate": {"damaged": 0, "damage": 0.0960307298335}, "model": "item/spells/levitate"},
    {"predicate": {"damaged": 0, "damage": 0.0966709346991}, "model": "item/spells/force"},
    {"predicate": {"damaged": 0, "damage": 0.0973111395647}, "model": "item/spells/dragonball"},
    {"predicate": {"damaged": 0, "damage": 0.0979513444302}, "model": "item/spells/fireball"},
    {"predicate": {"damaged": 0, "damage": 0.0985915492958}, "model": "item/spells/map"},
    {"predicate": {"damaged": 0, "damage": 0.0992317541613}, "model": "item/spells/camera"},
    {"predicate": {"damaged": 0, "damage": 0.0998719590269}, "model": "item/spells/tent"},
    {"predicate": {"damaged": 0, "damage": 0.100512163892}, "model": "item/spells/cage"},
    {"predicate": {"damaged": 0, "damage": 0.101152368758}, "model": "item/spells/wolfhouse"},
    {"predicate": {"damaged": 0, "damage": 0.101792573624}, "model": "item/spells/blaster"},
    {"predicate": {"damaged": 0, "damage": 0.102432778489}, "model": "item/spells/missile"},
    {"predicate": {"damaged": 0, "damage": 0.103072983355}, "model": "item/spells/railgun"},
    {"predicate": {"damaged": 0, "damage": 0.10371318822}, "model": "item/spells/fury"},
    {"predicate": {"damaged": 0, "damage": 0.104353393086}, "model": "item/spells/homing"},
    {"predicate": {"damaged": 0, "damage": 0.104993597951}, "model": "item/spells/chainlightning"},
    {"predicate": {"damaged": 0, "damage": 0.105633802817}, "model": "item/spells/sticky"},
    {"predicate": {"damaged": 0, "damage": 0.106274007682}, "model": "item/spells/blind"},
    {"predicate": {"damaged": 0, "damage": 0.106914212548}, "model": "item/spells/pollinate"},
    {"predicate": {"damaged": 0, "damage": 0.107554417414}, "model": "item/spells/broom"},
    {"predicate": {"damaged": 0, "damage": 0.108194622279}, "model": "item/spells/paste"},
    {"predicate": {"damaged": 0, "damage": 0.108834827145}, "model": "item/spells/kill"},
    {"predicate": {"damaged": 0, "damage": 0.10947503201}, "model": "item/spells/superkill"},
    {"predicate": {"damaged": 0, "damage": 0.110115236876}, "model": "item/spells/torture"},
    {"predicate": {"damaged": 0, "damage": 0.110755441741}, "model": "item/spells/rubberize"},
    {"predicate": {"damaged": 0, "damage": 0.111395646607}, "model": "item/spells/superfly"},
    {"predicate": {"damaged": 0, "damage": 0.112035851472}, "model": "item/spells/petrify"},
    {"predicate": {"damaged": 0, "damage": 0.112676056338}, "model": "item/spells/polymorph"},
    {"predicate": {"damaged": 0, "damage": 0.113316261204}, "model": "item/spells/entangle"},
    {"predicate": {"damaged": 0, "damage": 0.113956466069}, "model": "item/spells/wound"},
    {"predicate": {"damaged": 0, "damage": 0.114596670935}, "model": "item/spells/stun"},
    {"predicate": {"damaged": 0, "damage": 0.1152368758}, "model": "item/spells/poison"},
    {"predicate": {"damaged": 0, "damage": 0.115877080666}, "model": "item/spells/lift"},
    {"predicate": {"damaged": 0, "damage": 0.116517285531}, "model": "item/spells/admission"},
    {"predicate": {"damaged": 0, "damage": 0.117157490397}, "model": "item/spells/secure"},
    {"predicate": {"damaged": 0, "damage": 0.117797695262}, "model": "item/spells/lockpick"},
    {"predicate": {"damaged": 0, "damage": 0.118437900128}, "model": "item/spells/harden"},
    {"predicate": {"damaged": 0, "damage": 0.119078104994}, "model": "item/spells/sponge"},
    {"predicate": {"damaged": 0, "damage": 0.119718309859}, "model": "item/spells/upgrades"},
    {"predicate": {"damaged": 0, "damage": 0.120358514725}, "model": "item/spells/brushselect"},
    {"predicate": {"damaged": 0, "damage": 0.12099871959}, "model": "item/spells/tracking"},
    {"predicate": {"damaged": 0, "damage": 0.121638924456}, "model": "item/spells/singularity"},
    {"predicate": {"damaged": 0, "damage": 0.122279129321}, "model": "item/spells/rocket"},
    {"predicate": {"damaged": 0, "damage": 0.122919334187}, "model": "item/spells/tornado"},
    {"predicate": {"damaged": 0, "damage": 0.123559539052}, "model": "item/spells/rainbow"},
    {"predicate": {"damaged": 0, "damage": 0.124199743918}, "model": "item/spells/shuriken"},
    {"predicate": {"damaged": 0, "damage": 0.124839948784}, "model": "item/spells/wave"},
    {"predicate": {"damaged": 0, "damage": 0.125480153649}, "model": "item/spells/boomstown"},
    {"predicate": {"damaged": 0, "damage": 0.126120358515}, "model": "item/spells/projectile"},
    {"predicate": {"damaged": 0, "damage": 0.12676056338}, "model": "item/spells/whip"},
    {"predicate": {"damaged": 0, "damage": 0.127400768246}, "model": "item/spells/fxdemo"},
    {"predicate": {"damaged": 0, "damage": 0.128040973111}, "model": "item/spells/supergather"},
    {"predicate": {"damaged": 0, "damage": 0.128681177977}, "model": "item/spells/randomtp"},
    {"predicate": {"damaged": 0, "damage": 0.129321382843}, "model": "item/spells/glide"},
    {"predicate": {"damaged": 0, "damage": 0.129961587708}, "model": "item/spells/webbing"},
    {"predicate": {"damaged": 0, "damage": 0.13060179257362}, "model": "item/upgrades/chestmode"},
    {"predicate": {"damaged": 0, "damage": 0.131241997439}, "model": "item/upgrades/chestmode"},
    {"predicate": {"damaged": 0, "damage": 0.131882202305}, "model": "item/upgrades/quickcast_enable"},
    {"predicate": {"damaged": 0, "damage": 0.13252240717}, "model": "item/upgrades/quickcast_disable"},
    {"predicate": {"damaged": 0, "damage": 0.133162612036}, "model": "item/upgrades/quickcast_manual"},
    {"predicate": {"damaged": 0, "damage": 0.133802816901}, "model": "item/upgrades/quickcast_normal"},
    {"predicate": {"damaged": 0, "damage": 0.134443021767}, "model": "item/upgrades/mode_drop"},
    {"predicate": {"damaged": 0, "damage": 0.135083226633}, "model": "item/upgrades/mode_rightclick"},
    {"predicate": {"damaged": 0, "damage": 0.135723431498}, "model": "item/upgrades/mode_sword"},
    {"predicate": {"damaged": 0, "damage": 0.136363636364}, "model": "item/upgrades/mode_swap"},
    {"predicate": {"damaged": 0, "damage": 0.137003841229}, "model": "item/upgrades/inventorymode"},
    {"predicate": {"damaged": 0, "damage": 0.137644046095}, "model": "item/upgrades/cyclemode"},
    {"predicate": {"damaged": 0, "damage": 0.13828425096}, "model": "item/upgrades/organizer"},
    {"predicate": {"damaged": 0, "damage": 0.138924455826}, "model": "item/upgrades/alphabetizer"},
    {"predicate": {"damaged": 0, "damage": 0.139564660691}, "model": "item/upgrades/loud"},
    {"predicate": {"damaged": 0, "damage": 0.140204865557}, "model": "item/upgrades/quiet"},
    {"predicate": {"damaged": 0, "damage": 0.140845070423}, "model": "item/upgrades/silent"},
    {"predicate": {"damaged": 0, "damage": 0.141485275288}, "model": "item/upgrades/hotbar1"},
    {"predicate": {"damaged": 0, "damage": 0.142125480154}, "model": "item/upgrades/hotbar2"},
    {"predicate": {"damaged": 0, "damage": 0.142765685019}, "model": "item/upgrades/hotbar3"},
    {"predicate": {"damaged": 0, "damage": 0.143405889885}, "model": "item/upgrades/undroppable"},
    {"predicate": {"damaged": 0, "damage": 0.14404609475}, "model": "item/upgrades/antihunger"},
    {"predicate": {"damaged": 0, "damage": 0.144686299615877}, "model": "item/spells/feather"},
    {"predicate": {"damaged": 0, "damage": 0.145326504481434}, "model": "item/spells/purpleblast"},
    {"predicate": {"damaged": 0, "damage": 0.145966709346991}, "model": "item/spells/light"},
    {"predicate": {"damaged": 0, "damage": 0.146606914212548}, "model": "item/spells/spider"},
    {"predicate": {"damaged": 0, "damage": 0.147247119078105}, "model": "item/spells/vanish"},
    {"predicate": {"damaged": 0, "damage": 0.147887323943662}, "model": "item/spells/trash"},
    {"predicate": {"damaged": 0, "damage": 0.148527528809219}, "model": "item/spells/extinguish"},
    {"predicate": {"damaged": 0, "damage": 0.149167733674776}, "model": "item/spells/wand"},
    {"predicate": {"damaged": 0, "damage": 0.149807938540333}, "model": "item/spells/protection_all"},
    {"predicate": {"damaged": 0, "damage": 0.15044814340589}, "model": "item/spells/protection_explosions"},
    {"predicate": {"damaged": 0, "damage": 0.151088348271447}, "model": "item/spells/protection_falling"},
    {"predicate": {"damaged": 0, "damage": 0.151728553137004}, "model": "item/spells/protection_fire"},
    {"predicate": {"damaged": 0, "damage": 0.152368758002561}, "model": "item/spells/protection_physical"},
    {"predicate": {"damaged": 0, "damage": 0.153008962868118}, "model": "item/spells/protection_projectiles"},
    {"predicate": {"damaged": 0, "damage": 0.153649167733675}, "model": "item/spells/sharpen_sword"},
    {"predicate": {"damaged": 0, "damage": 0.154289372599232}, "model": "item/spells/airscooter"},
    {"predicate": {"damaged": 0, "damage": 0.15492957746478872}, "model": "item/spells/arrow2"},
    {"predicate": {"damaged": 0, "damage": 0.1555697823303457}, "model": "item/spells/arrow3"},
    {"predicate": {"damaged": 0, "damage": 0.15620998719590268}, "model": "item/spells/arrow4"},
    {"predicate": {"damaged": 0, "damage": 0.15685019206145967}, "model": "item/spells/arrow5"},
    {"predicate": {"damaged": 0, "damage": 0.15749039692701663}, "model": "item/spells/arrow6"},
    {"predicate": {"damaged": 0, "damage": 0.15813060179257363}, "model": "item/spells/arrow7"},
    {"predicate": {"damaged": 0, "damage": 0.1587708066581306}, "model": "item/spells/arrow8"},
    {"predicate": {"damaged": 0, "damage": 0.15941101152368758}, "model": "item/spells/arrow9"},
    {"predicate": {"damaged": 0, "damage": 0.16005121638924455}, "model": "item/spells/arrow10"},
    {"predicate": {"damaged": 0, "damage": 0.160691421254802}, "model": "item/spells/capture"},
    {"predicate": {"damaged": 0, "damage": 0.161331626120359}, "model": "item/icons/up_arrow"},
    {"predicate": {"damaged": 0, "damage": 0.161971830985915}, "model": "item/icons/down_arrow"},
    {"predicate": {"damaged": 0, "damage": 0.162612035851472}, "model": "item/custom/black"},
    {"predicate": {"damaged": 0, "damage": 0.163252240717029}, "model": "item/attributes/constitution"},
    {"predicate": {"damaged": 0, "damage": 0.163892445582586}, "model": "item/attributes/dexterity"},
    {"predicate": {"damaged": 0, "damage": 0.164532650448143}, "model": "item/attributes/intelligence"},
    {"predicate": {"damaged": 0, "damage": 0.1651728553137}, "model": "item/attributes/luck"},
    {"predicate": {"damaged": 0, "damage": 0.165813060179257}, "model": "item/attributes/strength"},
    {"predicate": {"damaged": 0, "damage": 0.166453265044814}, "model": "item/attributes/wisdom"},
    {"predicate": {"damaged": 0, "damage": 0.167093469910371}, "model": "item/classes/cleric"},
    {"predicate": {"damaged": 0, "damage": 0.167733674775928}, "model": "item/classes/fighter"},
    {"predicate": {"damaged": 0, "damage": 0.168373879641485}, "model": "item/classes/ranger"},
    {"predicate": {"damaged": 0, "damage": 0.169014084507042}, "model": "item/classes/rogue"},
    {"predicate": {"damaged": 0, "damage": 0.169654289372599}, "model": "item/classes/wizard"},
    {"predicate": {"damaged": 0, "damage": 0.170294494238156}, "model": "item/custom/reset"},
    {"predicate": {"damaged": 0, "damage": 0.170934699103713}, "model": "item/classes/barbarian"},
    {"predicate": {"damaged": 0, "damage": 0.17157490396927}, "model": "item/classes/bard"},
    {"predicate": {"damaged": 0, "damage": 0.172215108834827}, "model": "item/classes/druid"},
    {"predicate": {"damaged": 0, "damage": 0.172855313700384}, "model": "item/classes/monk"},
    {"predicate": {"damaged": 0, "damage": 0.173495518565941}, "model": "item/classes/paladin"},
    {"predicate": {"damaged": 0, "damage": 0.174135723431498}, "model": "item/classes/sorcerer"},
    {"predicate": {"damaged": 0, "damage": 0.174775928297055}, "model": "item/classes/warlock"},
    {"predicate": {"damaged": 0, "damage": 0.175416133162612}, "model": "item/classes/artificer"},
    {"predicate": {"damaged": 0, "damage": 0.176056338028169}, "model": "item/custom/gray"},
    {"predicate": {"damaged": 0, "damage": 0.176696542893726}, "model": "item/races/human"},
    {"predicate": {"damaged": 0, "damage": 0.177336747759283}, "model": "item/races/elf"},
    {"predicate": {"damaged": 0, "damage": 0.17797695262484}, "model": "item/races/gnome"},
    {"predicate": {"damaged": 0, "damage": 0.178617157490397}, "model": "item/races/dwarf"},
    {"predicate": {"damaged": 0, "damage": 0.179257362355954}, "model": "item/races/halfling"},

    {"predicate": {"damaged": 1, "damage": 0}, "model": "item/diamond_axe"}
  ]
}