{
    "parent": "item/template_skull",
    "display": {
        "gui": {
            "translation": [ -2, 2, 0 ],
            "rotation": [ 30, 45, 0 ],
            "scale": [ 0.6, 0.6, 0.6 ]
        },
        "thirdperson_righthand": {
            "rotation": [ 0, 180, 0 ],
            "translation": [ 0, -1, 2 ],
            "scale": [ 0.5, 0.5, 0.5 ]
        }
    },

  "overrides": [
    {"predicate": { "custom_model_data": 18001}, "model": "item/spells/dragonball"},
    {"predicate": { "custom_model_data": 18002}, "model": "item/spells_disabled/dragonball"}
  ]
}
