{"transport_mode":"TRAIN","length":8,"width":2,"door_max":14,"parts":[{"name":"head","stage":"EXTERIOR","mirror":false,"skip_rendering_if_too_far":false,"door_offset":"NONE","render_condition":"ALL","positions":[[0.0,-32.0]],"whitelisted_cars":"","blacklisted_cars":""},{"name":"headlights","stage":"ALWAYS_ON_LIGHTS","mirror":false,"skip_rendering_if_too_far":false,"door_offset":"NONE","render_condition":"MOVING_FORWARDS","positions":[[0.0,-32.0]],"whitelisted_cars":"1","blacklisted_cars":"%1"},{"name":"window_exterior","stage":"EXTERIOR","mirror":false,"skip_rendering_if_too_far":false,"door_offset":"NONE","render_condition":"ALL","positions":[[0.0,20.0]],"whitelisted_cars":"","blacklisted_cars":""},{"name":"window_exterior","stage":"EXTERIOR","mirror":true,"skip_rendering_if_too_far":false,"door_offset":"NONE","render_condition":"ALL","positions":[[0.0,20.0]],"whitelisted_cars":"","blacklisted_cars":""},{"name":"window_interior","stage":"INTERIOR","mirror":true,"skip_rendering_if_too_far":false,"door_offset":"NONE","render_condition":"ALL","positions":[[0.0,20.0]],"whitelisted_cars":"","blacklisted_cars":""},{"name":"window_interior","stage":"INTERIOR","mirror":false,"skip_rendering_if_too_far":false,"door_offset":"NONE","render_condition":"ALL","positions":[[0.0,20.0]],"whitelisted_cars":"","blacklisted_cars":""},{"name":"interior_lights","stage":"LIGHTS","mirror":false,"skip_rendering_if_too_far":false,"door_offset":"NONE","render_condition":"ALL","positions":[[0.0,20.0]],"whitelisted_cars":"","blacklisted_cars":""},{"name":"end","stage":"EXTERIOR","mirror":false,"skip_rendering_if_too_far":false,"door_offset":"NONE","render_condition":"ALL","positions":[[0.0,20.0]],"whitelisted_cars":"","blacklisted_cars":""}]}