{
	"custom_trains":{
		"sf_cable_car_double_end":{
			"name":"San Francisco Cable Car (Double Ended - California Street Current)",
			"color":"764642",
			"has_gangway_connection": false,
			"speed_sound_count": 18,
			"speed_sound_base_id": "san_francisco_cable_car",
			"texture_id":"mtr:san_francisco_cable_car/double_end/california_1",
			"model":"mtr:san_francisco_cable_car/double_end/sf_cable_car_double_end.bbmodel",
			"model_properties":"mtr:san_francisco_cable_car/double_end/sf_cable_car_double_end.json"
		},
		"sf_cable_car_single_end_maroon_original":{
			"name":"San Francisco Cable Car (Single Ended - Maroon Original)",
			"color":"50251F",
			"has_gangway_connection": false,
			"speed_sound_count": 18,
			"speed_sound_base_id": "san_francisco_cable_car",
			"texture_id":"mtr:san_francisco_cable_car/single_end/maroon_original",
			"model":"mtr:san_francisco_cable_car/single_end/sf_cable_car_single_end.bbmodel",
			"model_properties":"mtr:san_francisco_cable_car/single_end/sf_cable_car_single_end.json"
		},
		"sf_cable_car_single_end_yellow":{
			"name":"San Francisco Cable Car (Single Ended - Yellow)",
			"color":"E0C34B",
			"has_gangway_connection": false,
			"speed_sound_count": 18,
			"speed_sound_base_id": "san_francisco_cable_car",
			"texture_id":"mtr:san_francisco_cable_car/single_end/yellow",
			"model":"mtr:san_francisco_cable_car/single_end/sf_cable_car_single_end.bbmodel",
			"model_properties":"mtr:san_francisco_cable_car/single_end/sf_cable_car_single_end.json"
		},
		"sf_cable_car_single_end_red_1":{
			"name":"San Francisco Cable Car (Single Ended - Red 1)",
			"color":"842A1C",
			"has_gangway_connection": false,
			"speed_sound_count": 18,
			"speed_sound_base_id": "san_francisco_cable_car",
			"texture_id":"mtr:san_francisco_cable_car/single_end/red_1",
			"model":"mtr:san_francisco_cable_car/single_end/sf_cable_car_single_end.bbmodel",
			"model_properties":"mtr:san_francisco_cable_car/single_end/sf_cable_car_single_end.json"
		},
		"sf_cable_car_single_end_red_2":{
			"name":"San Francisco Cable Car (Single Ended - Red 2)",
			"color":"C62C22",
			"has_gangway_connection": false,
			"speed_sound_count": 18,
			"speed_sound_base_id": "san_francisco_cable_car",
			"texture_id":"mtr:san_francisco_cable_car/single_end/red_2",
			"model":"mtr:san_francisco_cable_car/single_end/sf_cable_car_single_end.bbmodel",
			"model_properties":"mtr:san_francisco_cable_car/single_end/sf_cable_car_single_end.json"
		},
		"sf_cable_car_single_end_green_red":{
			"name":"San Francisco Cable Car (Single Ended - Green & Red 1)",
			"color":"29533B",
			"has_gangway_connection": false,
			"speed_sound_count": 18,
			"speed_sound_base_id": "san_francisco_cable_car",
			"texture_id":"mtr:san_francisco_cable_car/single_end/green_red_1",
			"model":"mtr:san_francisco_cable_car/single_end/sf_cable_car_single_end.bbmodel",
			"model_properties":"mtr:san_francisco_cable_car/single_end/sf_cable_car_single_end.json"
		},
		"sf_cable_car_single_end_green_red_2":{
			"name":"San Francisco Cable Car (Single Ended - Green & Red 2)",
			"color":"29533B",
			"has_gangway_connection": false,
			"speed_sound_count": 18,
			"speed_sound_base_id": "san_francisco_cable_car",
			"texture_id":"mtr:san_francisco_cable_car/single_end/green_red_2",
			"model":"mtr:san_francisco_cable_car/single_end/sf_cable_car_single_end.bbmodel",
			"model_properties":"mtr:san_francisco_cable_car/single_end/sf_cable_car_single_end.json"
		},
		"sf_cable_car_single_end_green_white_1":{
			"name":"San Francisco Cable Car (Single Ended - White Front 1)",
			"color":"DDE0F3",
			"has_gangway_connection": false,
			"speed_sound_count": 18,
			"speed_sound_base_id": "san_francisco_cable_car",
			"texture_id":"mtr:san_francisco_cable_car/single_end/green_white_1",
			"model":"mtr:san_francisco_cable_car/single_end/sf_cable_car_single_end.bbmodel",
			"model_properties":"mtr:san_francisco_cable_car/single_end/sf_cable_car_single_end.json"
		},
		"sf_cable_car_single_end_green_white_2":{
			"name":"San Francisco Cable Car (Single Ended - White Front 2)",
			"color":"BBBAC8",
			"has_gangway_connection": false,
			"speed_sound_count": 18,
			"speed_sound_base_id": "san_francisco_cable_car",
			"texture_id":"mtr:san_francisco_cable_car/single_end/green_white_2",
			"model":"mtr:san_francisco_cable_car/single_end/sf_cable_car_single_end.bbmodel",
			"model_properties":"mtr:san_francisco_cable_car/single_end/sf_cable_car_single_end.json"
		},
		"sf_cable_car_single_end_blue_yellow":{
			"name":"San Francisco Cable Car (Single Ended - Blue & Yellow)",
			"color":"051244",
			"has_gangway_connection": false,
			"speed_sound_count": 18,
			"speed_sound_base_id": "san_francisco_cable_car",
			"texture_id":"mtr:san_francisco_cable_car/single_end/blue_yellow",
			"model":"mtr:san_francisco_cable_car/single_end/sf_cable_car_single_end.bbmodel",
			"model_properties":"mtr:san_francisco_cable_car/single_end/sf_cable_car_single_end.json"
		},
		"sf_cable_car_single_end_green_cream_1":{
			"name":"San Francisco Cable Car (Single Ended - Green & Cream 1)",
			"color":"16332E",
			"has_gangway_connection": false,
			"speed_sound_count": 18,
			"speed_sound_base_id": "san_francisco_cable_car",
			"texture_id":"mtr:san_francisco_cable_car/single_end/green_cream_1",
			"model":"mtr:san_francisco_cable_car/single_end/sf_cable_car_single_end.bbmodel",
			"model_properties":"mtr:san_francisco_cable_car/single_end/sf_cable_car_single_end.json"
		},
		"sf_cable_car_single_end_green_cream_2":{
			"name":"San Francisco Cable Car (Single Ended - Green & Cream 2)",
			"color":"1E4F32",
			"has_gangway_connection": false,
			"speed_sound_count": 18,
			"speed_sound_base_id": "san_francisco_cable_car",
			"texture_id":"mtr:san_francisco_cable_car/single_end/green_cream_2",
			"model":"mtr:san_francisco_cable_car/single_end/sf_cable_car_single_end.bbmodel",
			"model_properties":"mtr:san_francisco_cable_car/single_end/sf_cable_car_single_end.json"
		},
		"sf_cable_car_single_end_green_cream_3":{
			"name":"San Francisco Cable Car (Single Ended - Green & Cream 3)",
			"color":"11302A",
			"has_gangway_connection": false,
			"speed_sound_count": 18,
			"speed_sound_base_id": "san_francisco_cable_car",
			"texture_id":"mtr:san_francisco_cable_car/single_end/green_cream_3",
			"model":"mtr:san_francisco_cable_car/single_end/sf_cable_car_single_end.bbmodel",
			"model_properties":"mtr:san_francisco_cable_car/single_end/sf_cable_car_single_end.json"
		},
		"sf_cable_car_single_end_maroon_simplified":{
			"name":"San Francisco Cable Car (Single Ended - Maroon Simplified)",
			"color":"85443E",
			"has_gangway_connection": false,
			"speed_sound_count": 18,
			"speed_sound_base_id": "san_francisco_cable_car",
			"texture_id":"mtr:san_francisco_cable_car/single_end/maroon_simplified",
			"model":"mtr:san_francisco_cable_car/single_end/sf_cable_car_single_end.bbmodel",
			"model_properties":"mtr:san_francisco_cable_car/single_end/sf_cable_car_single_end.json"
		}
	},
	"custom_signs": {
		"sf_cable_car_icon": {
			"texture_id": "mtr:san_francisco_cable_car/sign/sf_cable_car_icon.png",
			"flip_texture": false,
			"flip_custom_text": false,
			"small": true
		},
		"sf_cable_car_icon_left": {
			"texture_id": "mtr:san_francisco_cable_car/sign/sf_cable_car_icon.png",
			"flip_texture": false,
			"custom_text": "纜車|Cable Cars",
			"flip_custom_text": false,
			"small": true
		},
		"sf_cable_car_icon_right": {
			"texture_id": "mtr:san_francisco_cable_car/sign/sf_cable_car_icon.png",
			"flip_texture": false,
			"custom_text": "纜車|Cable Cars",
			"flip_custom_text": true,
			"small": true
		}
	}
}