{
	"san_francisco_cable_car_acceleration_0a": {
		"sounds": [
			{
				"name": "mtr:san_francisco_cable_car/acceleration/speed_0a",
				"pitch": 1,
				"attenuation_distance": 32
			}
		]
	},
	"san_francisco_cable_car_acceleration_1a": {
		"sounds": [
			{
				"name": "mtr:san_francisco_cable_car/acceleration/speed_1a",
				"pitch": 1,
				"attenuation_distance": 32
			}
		]
	},
	"san_francisco_cable_car_acceleration_2a": {
		"sounds": [
			{
				"name": "mtr:san_francisco_cable_car/acceleration/speed_2a",
				"pitch": 1,
				"attenuation_distance": 32
			}
		]
	},
	"san_francisco_cable_car_acceleration_3a": {
		"sounds": [
			{
				"name": "mtr:san_francisco_cable_car/acceleration/speed_3a",
				"pitch": 1,
				"attenuation_distance": 32
			}
		]
	},
	"san_francisco_cable_car_acceleration_4a": {
		"sounds": [
			{
				"name": "mtr:san_francisco_cable_car/acceleration/speed_4a",
				"pitch": 1,
				"attenuation_distance": 32
			}
		]
	},
	"san_francisco_cable_car_acceleration_5a": {
		"sounds": [
			{
				"name": "mtr:san_francisco_cable_car/acceleration/speed_5a",
				"pitch": 1,
				"attenuation_distance": 32
			}
		]
	},
	"san_francisco_cable_car_acceleration_0b": {
		"sounds": [
			{
				"name": "mtr:san_francisco_cable_car/acceleration/speed_0b",
				"pitch": 1,
				"attenuation_distance": 32
			}
		]
	},
	"san_francisco_cable_car_acceleration_1b": {
		"sounds": [
			{
				"name": "mtr:san_francisco_cable_car/acceleration/speed_1b",
				"pitch": 1,
				"attenuation_distance": 32
			}
		]
	},
	"san_francisco_cable_car_acceleration_2b": {
		"sounds": [
			{
				"name": "mtr:san_francisco_cable_car/acceleration/speed_2b",
				"pitch": 1,
				"attenuation_distance": 32
			}
		]
	},
	"san_francisco_cable_car_acceleration_3b": {
		"sounds": [
			{
				"name": "mtr:san_francisco_cable_car/acceleration/speed_3b",
				"pitch": 1,
				"attenuation_distance": 32
			}
		]
	},
	"san_francisco_cable_car_acceleration_4b": {
		"sounds": [
			{
				"name": "mtr:san_francisco_cable_car/acceleration/speed_4b",
				"pitch": 1,
				"attenuation_distance": 32
			}
		]
	},
	"san_francisco_cable_car_acceleration_5b": {
		"sounds": [
			{
				"name": "mtr:san_francisco_cable_car/acceleration/speed_5b",
				"pitch": 1,
				"attenuation_distance": 32
			}
		]
	},
	"san_francisco_cable_car_acceleration_0c": {
		"sounds": [
			{
				"name": "mtr:san_francisco_cable_car/acceleration/speed_0c",
				"pitch": 1,
				"attenuation_distance": 32
			}
		]
	},
	"san_francisco_cable_car_acceleration_1c": {
		"sounds": [
			{
				"name": "mtr:san_francisco_cable_car/acceleration/speed_1c",
				"pitch": 1,
				"attenuation_distance": 32
			}
		]
	},
	"san_francisco_cable_car_acceleration_2c": {
		"sounds": [
			{
				"name": "mtr:san_francisco_cable_car/acceleration/speed_2c",
				"pitch": 1,
				"attenuation_distance": 32
			}
		]
	},
	"san_francisco_cable_car_acceleration_3c": {
		"sounds": [
			{
				"name": "mtr:san_francisco_cable_car/acceleration/speed_3c",
				"pitch": 1,
				"attenuation_distance": 32
			}
		]
	},
	"san_francisco_cable_car_acceleration_4c": {
		"sounds": [
			{
				"name": "mtr:san_francisco_cable_car/acceleration/speed_4c",
				"pitch": 1,
				"attenuation_distance": 32
			}
		]
	},
	"san_francisco_cable_car_acceleration_5c": {
		"sounds": [
			{
				"name": "mtr:san_francisco_cable_car/acceleration/speed_5c",
				"pitch": 1,
				"attenuation_distance": 32
			}
		]
	},
	"san_francisco_cable_car_deceleration_0a": {
		"sounds": [
			{
				"name": "mtr:san_francisco_cable_car/deceleration/speed_0a",
				"pitch": 1,
				"attenuation_distance": 32
			}
		]
	},
	"san_francisco_cable_car_deceleration_1a": {
		"sounds": [
			{
				"name": "mtr:san_francisco_cable_car/deceleration/speed_1a",
				"pitch": 1,
				"attenuation_distance": 32
			}
		]
	},
	"san_francisco_cable_car_deceleration_2a": {
		"sounds": [
			{
				"name": "mtr:san_francisco_cable_car/deceleration/speed_2a",
				"pitch": 1,
				"attenuation_distance": 32
			}
		]
	},
	"san_francisco_cable_car_deceleration_3a": {
		"sounds": [
			{
				"name": "mtr:san_francisco_cable_car/deceleration/speed_3a",
				"pitch": 1,
				"attenuation_distance": 32
			}
		]
	},
	"san_francisco_cable_car_deceleration_4a": {
		"sounds": [
			{
				"name": "mtr:san_francisco_cable_car/deceleration/speed_4a",
				"pitch": 1,
				"attenuation_distance": 32
			}
		]
	},
	"san_francisco_cable_car_deceleration_5a": {
		"sounds": [
			{
				"name": "mtr:san_francisco_cable_car/deceleration/speed_5a",
				"pitch": 1,
				"attenuation_distance": 32
			}
		]
	},
	"san_francisco_cable_car_deceleration_0b": {
		"sounds": [
			{
				"name": "mtr:san_francisco_cable_car/deceleration/speed_0b",
				"pitch": 1,
				"attenuation_distance": 32
			}
		]
	},
	"san_francisco_cable_car_deceleration_1b": {
		"sounds": [
			{
				"name": "mtr:san_francisco_cable_car/deceleration/speed_1b",
				"pitch": 1,
				"attenuation_distance": 32
			}
		]
	},
	"san_francisco_cable_car_deceleration_2b": {
		"sounds": [
			{
				"name": "mtr:san_francisco_cable_car/deceleration/speed_2b",
				"pitch": 1,
				"attenuation_distance": 32
			}
		]
	},
	"san_francisco_cable_car_deceleration_3b": {
		"sounds": [
			{
				"name": "mtr:san_francisco_cable_car/deceleration/speed_3b",
				"pitch": 1,
				"attenuation_distance": 32
			}
		]
	},
	"san_francisco_cable_car_deceleration_4b": {
		"sounds": [
			{
				"name": "mtr:san_francisco_cable_car/deceleration/speed_4b",
				"pitch": 1,
				"attenuation_distance": 32
			}
		]
	},
	"san_francisco_cable_car_deceleration_5b": {
		"sounds": [
			{
				"name": "mtr:san_francisco_cable_car/deceleration/speed_5b",
				"pitch": 1,
				"attenuation_distance": 32
			}
		]
	},
	"san_francisco_cable_car_deceleration_0c": {
		"sounds": [
			{
				"name": "mtr:san_francisco_cable_car/deceleration/speed_0c",
				"pitch": 1,
				"attenuation_distance": 32
			}
		]
	},
	"san_francisco_cable_car_deceleration_1c": {
		"sounds": [
			{
				"name": "mtr:san_francisco_cable_car/deceleration/speed_1c",
				"pitch": 1,
				"attenuation_distance": 32
			}
		]
	},
	"san_francisco_cable_car_deceleration_2c": {
		"sounds": [
			{
				"name": "mtr:san_francisco_cable_car/deceleration/speed_2c",
				"pitch": 1,
				"attenuation_distance": 32
			}
		]
	},
	"san_francisco_cable_car_deceleration_3c": {
		"sounds": [
			{
				"name": "mtr:san_francisco_cable_car/deceleration/speed_3c",
				"pitch": 1,
				"attenuation_distance": 32
			}
		]
	},
	"san_francisco_cable_car_deceleration_4c": {
		"sounds": [
			{
				"name": "mtr:san_francisco_cable_car/deceleration/speed_4c",
				"pitch": 1,
				"attenuation_distance": 32
			}
		]
	},
	"san_francisco_cable_car_deceleration_5c": {
		"sounds": [
			{
				"name": "mtr:san_francisco_cable_car/deceleration/speed_5c",
				"pitch": 1,
				"attenuation_distance": 32
			}
		]
	}
}