{
	"credit": "Made with Blockbench, by realflamegirl- Do not use without permission. Discord is Flamegirl#0464",
	"ambientocclusion": false,
	"elements": [
		{
			"name": "color",
			"from": [7, 5, 7],
			"to": [9, 32, 9],
			"shade": false,
			"rotation": {"angle": 0, "axis": "y", "origin": [7, 0, 8]},
			"faces": {
				"north": {"uv": [8.1, 0.1, 9.9, 13.5], "texture": "#1", "tintindex": 0},
				"east": {"uv": [9.9, 0.1, 8.1, 13.5], "texture": "#1", "tintindex": 0},
				"south": {"uv": [8.1, 0.1, 9.9, 13.5], "texture": "#1", "tintindex": 0},
				"west": {"uv": [9.9, 0.1, 8.1, 13.5], "texture": "#1", "tintindex": 0},
				"up": {"uv": [10.1, 0.1, 11.9, 1.9], "texture": "#1", "tintindex": 0},
				"down": {"uv": [10.1, 2.1, 11.9, 3.9], "texture": "#1", "tintindex": 0}
			}
		},
		{
			"name": "white",
			"from": [7.5, 5, 7.5],
			"to": [8.5, 31, 8.5],
			"shade": false,
			"rotation": {"angle": 0, "axis": "y", "origin": [7.5, 0, 7.5]},
			"faces": {
				"north": {"uv": [15.1, 0.1, 15.9, 12.9], "texture": "#1"},
				"east": {"uv": [15.1, 0.1, 15.9, 12.9], "texture": "#1"},
				"south": {"uv": [15.1, 0.1, 15.9, 12.9], "texture": "#1"},
				"west": {"uv": [15.1, 0.1, 15.9, 12.9], "texture": "#1"},
				"up": {"uv": [15.1, 15.1, 15.9, 15.9], "texture": "#1"},
				"down": {"uv": [0.1, 15.1, 0.9, 15.9], "texture": "#1"}
			}
		},
		{
			"name": "handle",
			"from": [7.5, -3, 7.5],
			"to": [8.5, 5, 8.5],
			"rotation": {"angle": 0, "axis": "y", "origin": [10, 7.75, 7.85]},
			"faces": {
				"north": {"uv": [0, 0, 1, 8], "texture": "#1"},
				"east": {"uv": [0, 0, 1, 8], "texture": "#1"},
				"south": {"uv": [0, 0, 1, 8], "texture": "#1"},
				"west": {"uv": [0, 0, 1, 8], "texture": "#1"},
				"up": {"uv": [1, 1, 0, 0], "texture": "#1"},
				"down": {"uv": [0.9, 9.1, 0.1, 9.9], "texture": "#1"}
			}
		}
	],
	"gui_light": "front",
	"overrides": [
		{
			"predicate": {
				"blocking": 1
			},
			"model": "item/saber/lightsaber_blue_blocking"
		}
	],
	"display": {
		"thirdperson_righthand": {
			"rotation": [45, -90, 55],
			"translation": [0, 4, 0.5],
			"scale": [0.85, 0.85, 0.85]
		},
		"thirdperson_lefthand": {
			"rotation": [45, -90, 55],
			"translation": [0, 4, 0.5],
			"scale": [0.85, 0.85, 0.85]
		},
		"firstperson_righthand": {
			"rotation": [34, -90, 25],
			"translation": [3.38, 2.95, -1.12],
			"scale": [0.68, 0.68, 0.68]
		},
		"firstperson_lefthand": {
			"rotation": [34, -90, 25],
			"translation": [3.38, 2.95, -1.12],
			"scale": [0.68, 0.68, 0.68]
		},
		"ground": {
			"rotation": [-45, 0, 0],
			"translation": [0, 2, 0],
			"scale": [0.5, 0.5, 0.5]
		},
		"gui": {
			"rotation": [0, 0, -45],
			"translation": [-3, -3, 0],
			"scale": [0.61524, 0.61524, 0.61524]
		},
		"head": {
			"rotation": [103.5, -180, 0],
			"translation": [0, 3.25, -7.5],
			"scale": [1.6, 1.6, 1.6]
		},
		"fixed": {
			"translation": [0, -4.75, -1.75]
		}
	}
}