{
	"credit": "Made with Blockbench, by realflamegirl- Do not use without permission. Discord is Flamegirl#0464",
	"ambientocclusion": false,
	"textures": {
		"0": "item/saber/lightsaber_blue",
		"particle": "item/saber/lightsaber_blue"
	},
	"elements": [
		{
			"name": "handle",
			"from": [7.5, -3, 7.5],
			"to": [8.5, 5, 8.5],
			"rotation": {"angle": 0, "axis": "y", "origin": [10, 7.75, 7.85]},
			"faces": {
				"north": {"uv": [0, 0, 1, 8], "texture": "#0"},
				"east": {"uv": [0, 0, 1, 8], "texture": "#0"},
				"south": {"uv": [0, 0, 1, 8], "texture": "#0"},
				"west": {"uv": [0, 0, 1, 8], "texture": "#0"},
				"up": {"uv": [1, 1, 0, 0], "texture": "#0"},
				"down": {"uv": [0.9, 9.1, 0.1, 9.9], "texture": "#0"}
			}
		}
	],
	"gui_light": "front",
	"overrides": [
		{
			"predicate": {
				"blocking": 1
			},
			"model": "item/saber/lightsaber_blue_blocking"
		}
	],
	"display": {
		"thirdperson_righthand": {
			"rotation": [45, -90, 55],
			"translation": [0, 4, 0.5],
			"scale": [0.85, 0.85, 0.85]
		},
		"thirdperson_lefthand": {
			"rotation": [45, -90, 55],
			"translation": [0, 4, 0.5],
			"scale": [0.85, 0.85, 0.85]
		},
		"firstperson_righthand": {
			"rotation": [34, -90, 25],
			"translation": [3.38, 4.7, -1.12],
			"scale": [0.68, 0.68, 0.68]
		},
		"firstperson_lefthand": {
			"rotation": [34, -90, 25],
			"translation": [3.38, 4.7, -1.12],
			"scale": [0.68, 0.68, 0.68]
		},
		"ground": {
			"rotation": [-45, 0, 0],
			"translation": [0, 2, 0],
			"scale": [0.5, 0.5, 0.5]
		},
		"gui": {
			"rotation": [30, 225, 45],
			"translation": [3.5, 5.25, 0]
		},
		"head": {
			"rotation": [0, 0, 90],
			"translation": [-11.25, -4, -7.25],
			"scale": [1.6, 1.6, 1.6]
		},
		"fixed": {
			"translation": [0, 6.25, 0]
		}
	}
}